<?xml version="1.0" encoding="UTF-8"?>
<component name="CrexScene" extends="Scene" xmlns:xsi="http://www.w3.org/2001/XMLSchema-instance" xsi:noNamespaceSchemaLocation="https://devtools.web.roku.com/schema/RokuSceneGraph.xsd">
  <children>
    <Group id="gViews" />

    <BusySpinner id="bsLoading" />

    <Animation id="aFadeView" duration="0.25" repeat="false" easeFunction="linear" />
  </children>

  <interface>
    <function name="PopActiveView" />
    <function name="PlayVideo" />
    <function name="ShowItem" />
  </interface>

  <script type="text/brightscript" uri="CrexScene.brs" />
  <script type="text/brightscript" uri="Libs/Utilities.brs" />
</component>
